{
  "project_info": {
    "project_number": "910757665639",
    "project_id": "myecom-app-4a1bb",
    "storage_bucket": "myecom-app-4a1bb.appspot.com"
  },
  "client": [
    {
      "client_info": {
        "mobilesdk_app_id": "1:910757665639:android:51a09b8aaa2a157ffb6dc2",
        "android_client_info": {
          "package_name": "com.example.shoppingapp"
        }
      },
      "oauth_client": [],
      "api_key": [
        {
          "current_key": "AIzaSyAFqYc9Ynh4Kn6MMkzsLI0ZyHcec60TpEI"
        }
      ],
      "services": {
        "appinvite_service": {
          "other_platform_oauth_client": []
        }
      }
    }
  ],
  "configuration_version": "1"
}